,search_log_id,total_price_final,rooms_total_price,upsell_total_price,vouchers_total_price,loyalty_discount_total,redeemed_loyalty_points_total,hotel_id
0,76659,510.0,510.0,0.0,0,0.0,0.0,hotel_2
1,76669,259.3,302.0,0.0,0,30.2,12.5,hotel_2
2,76674,140288.0,155875.56,0.0,0,15587.56,0.0,hotel_2
3,76703,140148.0,140148.0,0.0,0,0.0,0.0,hotel_2
4,76733,104633.0,123168.0,0.0,0,13535.0,5000.0,hotel_2
5,76755,137591.5,137591.5,0.0,0,0.0,0.0,hotel_2
6,76769,62593.0,62593.0,0.0,0,0.0,0.0,hotel_2
7,76810,216618.0,216618.0,0.0,0,0.0,0.0,hotel_2
8,76849,169987.0,163037.0,6950.0,0,0.0,0.0,hotel_2
9,76932,244455.0,271616.67,0.0,0,27161.67,0.0,hotel_2
10,76957,257732.0,295168.0,0.0,0,32436.0,5000.0,hotel_2
11,76962,119952.0,119952.0,0.0,0,0.0,0.0,hotel_2
12,76997,112914.0,112914.0,0.0,0,0.0,0.0,hotel_2
13,77115,160834.0,178704.44,0.0,0,17870.44,0.0,hotel_2
14,77209,220320.0,220320.0,0.0,0,0.0,0.0,hotel_2
15,77224,143583.0,166926.56,0.0,0,18343.56,5000.0,hotel_2
16,77272,269590.0,305100.0,0.0,0,30510.0,5000.0,hotel_2
17,77278,107363.0,124847.78,0.0,0,12484.78,5000.0,hotel_2
18,77323,131819.0,153710.22,0.0,0,16891.22,5000.0,hotel_2
19,77317,403600.0,445122.22,2990.0,0,44512.22,0.0,hotel_2
20,77328,342598.0,380664.44,0.0,0,38066.44,0.0,hotel_2
21,77469,366470.0,431424.4,0.0,0,43142.4,21812.0,hotel_2
22,77492,136598.0,151775.56,0.0,0,15177.56,0.0,hotel_2
23,77498,974.88,1083.2,0.0,0,108.32,0.0,hotel_2
24,77538,422280.0,422280.0,0.0,0,0.0,0.0,hotel_2
25,77553,97409.0,109434.78,0.0,0,12025.78,0.0,hotel_2
26,77560,973.6,973.6,0.0,0,0.0,0.0,hotel_2
27,77577,95246.0,111384.44,0.0,0,11138.44,5000.0,hotel_2
28,77616,131598.0,151775.56,0.0,0,15177.56,5000.0,hotel_2
29,77854,129879.0,145913.4,0.0,0,16034.4,0.0,hotel_2
30,77980,293.5,340.0,0.0,0,34.0,12.5,hotel_2
31,77991,110160.0,129600.0,0.0,0,19440.0,0.0,hotel_2
32,77995,395.76,395.76,0.0,0,0.0,0.0,hotel_2
33,77993,127718.0,160392.56,0.0,0,17625.56,15049.0,hotel_2
34,78001,306.0,306.0,0.0,0,0.0,0.0,hotel_2
35,78004,306.0,306.0,0.0,0,0.0,0.0,hotel_2
36,78009,442.0,442.0,0.0,0,0.0,0.0,hotel_2
37,78030,358554.0,421828.23,0.0,0,63274.23,0.0,hotel_2
38,78048,475263.0,548045.56,0.0,0,54804.56,17978.0,hotel_2
39,78052,205200.0,205200.0,0.0,0,0.0,0.0,hotel_2
40,78078,155434.0,178704.44,0.0,0,17870.44,5400.0,hotel_2
41,78079,144310.0,160344.44,0.0,0,16034.44,0.0,hotel_2
42,78083,139310.0,160344.44,0.0,0,16034.44,5000.0,hotel_2
43,78082,98550.0,115055.56,0.0,0,11505.56,5000.0,hotel_2
44,78359,115200.0,115200.0,0.0,0,0.0,0.0,hotel_2
45,78545,168912.0,168912.0,0.0,0,0.0,0.0,hotel_2
46,78547,142724.0,165961.56,0.0,0,18237.56,5000.0,hotel_2
47,78601,674730.0,749700.0,0.0,0,74970.0,0.0,hotel_2
48,78622,334336.0,371484.44,0.0,0,37148.44,0.0,hotel_2
49,78755,204304.0,232560.0,0.0,0,23256.0,5000.0,hotel_2
50,78792,188898.0,209886.66,0.0,0,20988.66,0.0,hotel_2
51,78794,188898.0,209886.66,0.0,0,20988.66,0.0,hotel_2
52,78847,134903.0,155447.78,0.0,0,15544.78,5000.0,hotel_2
53,78857,141198.0,159120.0,2990.0,0,15912.0,0.0,hotel_2
54,78884,153001.0,183060.0,0.0,0,18306.0,11753.0,hotel_2
55,78888,449401.0,510499.89,0.0,0,56098.89,5000.0,hotel_2
56,79003,142272.0,159836.44,0.0,0,17564.44,0.0,hotel_2
57,79005,379645.0,421827.78,0.0,0,42182.78,0.0,hotel_2
58,79021,199464.0,269460.0,6950.0,0,26946.0,50000.0,hotel_2
59,79032,176191.0,212220.0,0.0,0,21222.0,14807.0,hotel_2
60,79040,734755.0,739755.0,0.0,0,0.0,5000.0,hotel_2
61,79074,545292.0,605880.0,0.0,0,60588.0,0.0,hotel_2
62,79101,104058.0,121175.56,0.0,0,12117.56,5000.0,hotel_2
63,79274,279072.0,279072.0,0.0,0,0.0,0.0,hotel_2
64,79306,329654.0,370352.0,0.0,0,40698.0,0.0,hotel_2
65,79640,132192.0,146880.0,0.0,0,14688.0,0.0,hotel_2
66,79635,88636.0,104040.0,0.0,0,10404.0,0.0,hotel_2
67,79652,88128.0,97920.0,0.0,0,9792.0,0.0,hotel_2
68,79656,190998.0,212220.0,0.0,0,21222.0,0.0,hotel_2
69,79682,117871.0,130967.78,0.0,0,13096.78,0.0,hotel_2
70,79784,143263.0,160949.78,0.0,0,17686.78,0.0,hotel_2
71,79790,158134.0,177656.78,0.0,0,19522.78,0.0,hotel_2
72,79920,315566.0,356184.44,0.0,0,35618.44,5000.0,hotel_2
73,79947,108232.0,120257.78,0.0,0,12025.78,0.0,hotel_2
74,80348,169646.0,188495.56,0.0,0,18849.56,0.0,hotel_2
75,80364,110622.0,129896.33,0.0,0,14274.33,5000.0,hotel_2
76,80461,156345.0,175950.0,2990.0,0,17595.0,5000.0,hotel_2
77,80471,181907.0,214008.23,0.0,0,32101.23,0.0,hotel_2
78,80506,100754.0,117504.44,0.0,0,11750.44,5000.0,hotel_2
79,80532,132678.0,210600.0,0.0,0,21060.0,56862.0,hotel_2
80,80623,209240.0,199440.0,9800.0,0,0.0,0.0,hotel_2
81,80648,280296.0,280296.0,0.0,0,0.0,0.0,hotel_2
82,80679,140752.0,154224.44,6950.0,0,15422.44,5000.0,hotel_2
83,80724,321523.2,321523.2,0.0,0,0.0,0.0,hotel_2
84,80856,238320.0,238320.0,0.0,0,0.0,0.0,hotel_2
85,80867,337090.0,374544.44,0.0,0,37454.44,0.0,hotel_2
86,80974,129879.0,145913.44,0.0,0,16034.44,0.0,hotel_2
87,81000,463192.0,531414.12,11490.0,0,79712.12,0.0,hotel_2
88,81011,174240.0,174240.0,0.0,0,0.0,0.0,hotel_2
89,81085,393822.0,393822.0,0.0,0,0.0,0.0,hotel_2
90,81100,470.93,529.07,0.0,0,58.14,0.0,hotel_2
91,81117,101877.0,118752.22,0.0,0,11875.22,5000.0,hotel_2
92,81240,222551.0,268858.89,0.0,0,29544.89,16763.0,hotel_2
93,81270,296.82,329.8,0.0,0,32.98,0.0,hotel_2
94,81337,92123.0,115153.76,0.0,0,23030.76,0.0,hotel_2
95,81343,341292.0,422770.0,0.0,0,42277.0,39201.0,hotel_2
96,81361,305651.0,345167.78,0.0,0,34516.78,5000.0,hotel_2
97,81377,815680.0,911866.67,0.0,0,91186.67,5000.0,hotel_2
98,81553,348.5,348.5,0.0,0,0.0,0.0,hotel_2
99,81563,208093.0,223992.22,11500.0,0,22399.22,5000.0,hotel_2
100,81572,105203.0,116892.22,0.0,0,11689.22,0.0,hotel_2
101,81795,156219.0,173576.66999999998,0.0,0,17357.67,0.0,hotel_2
102,81859,154224.0,171360.0,0.0,0,17136.0,0.0,hotel_2
103,81896,280732.6,280732.6,0.0,0,0.0,0.0,hotel_2
104,81936,224.0,224.0,0.0,0,0.0,0.0,hotel_2
105,81940,471429.0,523810.0,0.0,0,52381.0,0.0,hotel_2
106,81981,308448.0,308448.0,0.0,0,0.0,0.0,hotel_2
107,81995,384193.0,432658.89,0.0,0,43265.89,5200.0,hotel_2
108,82013,131090.0,145655.56,0.0,0,14565.56,0.0,hotel_2
109,82064,194940.0,222155.56,0.0,0,22215.56,5000.0,hotel_2
110,82340,84759.0,99732.22,0.0,0,9973.22,5000.0,hotel_2
111,82358,456490.0,456490.0,0.0,0,0.0,0.0,hotel_2
112,82420,213160.0,236844.44,0.0,0,23684.44,0.0,hotel_2
113,82427,106367.0,106367.0,0.0,0,0.0,0.0,hotel_2
114,82432,694.62,771.8,0.0,0,77.18,0.0,hotel_2
115,82458,143208.0,159120.0,0.0,0,15912.0,0.0,hotel_2
116,82459,169050.0,180111.11,6950.0,0,18011.11,0.0,hotel_2
117,82497,320735.0,375330.0,0.0,0,37533.0,17062.0,hotel_2
118,82527,564067.0,626741.11,0.0,0,62674.11,0.0,hotel_2
119,82536,385080.0,501840.0,0.0,0,75276.0,41484.0,hotel_2
120,82551,332.27,360.82,23.6,0,39.65,12.5,hotel_2
121,82561,166073.0,185638.56,0.0,0,14565.56,5000.0,hotel_2
122,82607,160764.0,184182.22,0.0,0,18418.22,5000.0,hotel_2
123,82869,164646.0,188495.56,0.0,0,18849.56,5000.0,hotel_2
124,83108,416362.0,468180.0,0.0,0,46818.0,5000.0,hotel_2
125,83144,110380.0,141076.67,0.0,0,14107.67,16589.0,hotel_2
126,83148,212517.0,212517.0,0.0,0,0.0,0.0,hotel_2
127,83174,61403.0,68983.67,0.0,0,7580.67,0.0,hotel_2
128,83208,283818.0,299940.44,6950.0,0,23072.44,0.0,hotel_2
129,83207,150520.0,172800.0,0.0,0,17280.0,5000.0,hotel_2
130,83211,144598.0,168066.86,0.0,0,18468.86,5000.0,hotel_2
131,83303,593766.0,659740.0,0.0,0,65974.0,0.0,hotel_2
132,83301,135784.0,158164.78,0.0,0,17380.78,5000.0,hotel_2
133,83318,151538.0,173931.11,0.0,0,17393.11,5000.0,hotel_2
134,83372,726505.0,833298.89,0.0,0,83329.89,23464.0,hotel_2
135,83390,459367.0,510407.8,0.0,0,51040.8,0.0,hotel_2
136,83420,134946.0,134946.0,0.0,0,0.0,0.0,hotel_2
137,83417,123468.0,142742.22,0.0,0,14274.22,5000.0,hotel_2
138,83434,201004.0,228893.34,0.0,0,22889.34,5000.0,hotel_2
139,83445,191678.0,212975.6,0.0,0,21297.6,0.0,hotel_2
140,83464,118609.0,118609.0,0.0,0,0.0,0.0,hotel_2
141,83499,143716.0,167076.0,0.0,0,18360.0,5000.0,hotel_2
142,83946,141120.0,141120.0,0.0,0,0.0,0.0,hotel_2
143,83948,196768.0,218631.11,0.0,0,21863.11,0.0,hotel_2
144,84028,86553.0,97238.56,0.0,0,10685.56,0.0,hotel_2
145,84047,278827.0,328031.77,0.0,0,49204.77,0.0,hotel_2
146,84068,402042.0,452268.89,0.0,0,45226.89,5000.0,hotel_2
147,84072,163483.0,209304.44,0.0,0,20930.44,24891.0,hotel_2
148,84063,330480.0,330480.0,0.0,0,0.0,0.0,hotel_2
149,84123,103116.0,124847.78,0.0,0,12484.78,9247.0,hotel_2
150,84132,111262.0,123624.44,0.0,0,12362.44,0.0,hotel_2
151,84143,300204.0,300204.0,0.0,0,0.0,0.0,hotel_2
152,84150,310.09,312.49,31.94,0,34.34,0.0,hotel_2
153,84293,415073.0,518400.0,0.0,0,51840.0,51487.0,hotel_2
154,84291,125983.0,141536.44,0.0,0,15553.44,0.0,hotel_2
155,84519,165600.0,165600.0,0.0,0,0.0,0.0,hotel_2
156,84533,699.98,792.76,0.0,0,79.28,13.5,hotel_2
157,84583,334293.0,376992.22,0.0,0,37699.22,5000.0,hotel_2
158,84586,233.32,233.32,0.0,0,0.0,0.0,hotel_2
159,84628,229131.0,260145.55,0.0,0,26014.55,5000.0,hotel_2
160,84643,292475.0,324972.22,0.0,0,32497.22,0.0,hotel_2
161,84702,308880.0,308880.0,0.0,0,0.0,0.0,hotel_2
162,84742,104102.0,165240.0,0.0,0,16524.0,44614.0,hotel_2
163,84749,194004.0,194004.0,0.0,0,0.0,0.0,hotel_2
164,84769,569.9,569.9,0.0,0,0.0,0.0,hotel_2
165,84781,296645.0,338885.11,0.0,0,37240.11,5000.0,hotel_2
166,84815,347555.0,386172.2,0.0,0,38617.2,0.0,hotel_2
167,85091,224132.0,254591.11,0.0,0,25459.11,5000.0,hotel_2
168,85104,188568.0,209520.0,0.0,0,20952.0,0.0,hotel_2
169,85120,278460.0,278460.0,0.0,0,0.0,0.0,hotel_2
170,85118,317.9125,394.48,0.0,0,43.35,33.22,hotel_2
171,85144,408.25,467.5,0.0,0,46.75,12.5,hotel_2
172,85252,209304.0,209304.0,0.0,0,0.0,0.0,hotel_2
173,85255,208754.0,237504.44,0.0,0,23750.44,5000.0,hotel_2
174,85298,158400.0,158400.0,0.0,0,0.0,0.0,hotel_2
175,85305,83128.0,97920.0,0.0,0,9792.0,5000.0,hotel_2
176,85319,127296.0,127296.0,0.0,0,0.0,0.0,hotel_2
177,85335,515.9,515.9,0.0,0,0.0,0.0,hotel_2
178,85342,254181.0,285561.33,0.0,0,31380.33,0.0,hotel_2
179,85353,146059.0,162287.78,0.0,0,16228.78,0.0,hotel_2
180,85388,285647.0,285647.0,0.0,0,0.0,0.0,hotel_2
181,85408,418927.0,471474.44,0.0,0,47147.44,5400.0,hotel_2
182,85474,201167.0,250307.78,2990.0,0,25030.78,27100.0,hotel_2
183,85777,138208.0,159120.0,0.0,0,15912.0,5000.0,hotel_2
184,85793,419.4,466.0,0.0,0,46.6,0.0,hotel_2
185,85856,170302.0,246655.56,0.0,0,24665.56,51688.0,hotel_2
186,85876,327.37,344.98,20.3,0,37.91,0.0,hotel_2
187,85930,365.6,410.74,0.0,0,45.14,0.0,hotel_2
188,85931,451.35,501.5,0.0,0,50.15,0.0,hotel_2
189,85942,415.2,368.0,47.2,0,0.0,0.0,hotel_2
190,85949,290229.0,328032.22,0.0,0,32803.22,5000.0,hotel_2
191,85947,366673.0,432575.56,0.0,0,43257.56,22645.0,hotel_2
192,85965,223567.0,248407.78,0.0,0,24840.78,0.0,hotel_2
193,85969,116141.0,153000.0,0.0,0,15300.0,21559.0,hotel_2
194,85981,53587.0,65820.0,0.0,0,7233.0,5000.0,hotel_2
195,85993,241301.0,273667.78,0.0,0,27366.78,5000.0,hotel_2
196,86041,157529.0,175032.22,0.0,0,17503.22,0.0,hotel_2
197,86075,152572.0,169524.44,0.0,0,16952.44,0.0,hotel_2
198,86089,292599.0,328722.33,0.0,0,36123.33,0.0,hotel_2
199,86117,13175.0,181305.55,0.0,150000,18130.55,0.0,hotel_2
200,86102,159622.0,179328.44,0.0,0,19706.44,0.0,hotel_2
201,86341,393607.0,473688.89,0.0,0,47368.89,32713.0,hotel_2
202,86347,219630.0,308534.89,0.0,0,33904.89,55000.0,hotel_2
203,86478,253368.0,253368.0,0.0,0,0.0,0.0,hotel_2
204,86496,100000.0,142711.56,0.0,0,15682.56,27029.0,hotel_2
205,86502,1032.75,1147.5,0.0,0,114.75,0.0,hotel_2
206,86543,361987.2,361987.2,0.0,0,0.0,0.0,hotel_2
207,86551,167719.0,167719.0,0.0,0,0.0,0.0,hotel_2
208,86561,161274.0,167760.0,10290.0,0,16776.0,0.0,hotel_2
209,86612,73353.0,78476.89,8500.0,0,8623.89,5000.0,hotel_2
210,86645,495.7,495.7,0.0,0,0.0,0.0,hotel_2
211,86659,171058.0,192176.22,0.0,0,21118.22,0.0,hotel_2
212,86696,116008.0,121175.56,6950.0,0,12117.56,0.0,hotel_2
213,86700,116008.0,121175.56,6950.0,0,12117.56,0.0,hotel_2
214,86726,379831.0,379831.0,0.0,0,0.0,0.0,hotel_2
215,86746,259384.0,293760.0,0.0,0,29376.0,5000.0,hotel_2
216,86786,173200.0,198000.0,0.0,0,19800.0,5000.0,hotel_2
217,86789,112871.0,130967.78,0.0,0,13096.78,0.0,hotel_2
218,86807,231243.0,259791.56,0.0,0,28548.56,0.0,hotel_2
219,86930,270498.36,270498.36,0.0,0,0.0,0.0,hotel_2
220,87011,95312.0,85912.0,9400.0,0,0.0,0.0,hotel_2
221,87047,284764.0,316404.4,0.0,0,31640.4,0.0,hotel_2
222,87055,96135.0,89185.0,6950.0,0,0.0,0.0,hotel_2
223,87061,154028.0,187920.0,0.0,0,18792.0,15100.0,hotel_2
224,87160,408.8,408.8,0.0,0,0.0,0.0,hotel_2
225,87184,301716.0,301716.0,0.0,0,0.0,0.0,hotel_2
226,87203,155876.0,155876.0,0.0,0,0.0,0.0,hotel_2
227,87225,265842.0,295380.0,0.0,0,29538.0,0.0,hotel_2
228,87240,195902.0,195902.0,0.0,0,0.0,0.0,hotel_2
229,87287,305694.0,339660.0,0.0,0,33966.0,0.0,hotel_2
230,87309,300694.0,339660.0,0.0,0,33966.0,5000.0,hotel_2
231,87346,126822.0,126822.0,0.0,0,0.0,0.0,hotel_2
232,87354,90003.0,90003.0,0.0,0,0.0,0.0,hotel_2
233,87366,826.7,826.7,0.0,0,0.0,0.0,hotel_2
234,87581,161935.0,179927.8,0.0,0,17992.8,0.0,hotel_2
235,87596,241896.0,287742.22,0.0,0,28774.22,17072.0,hotel_2
236,87672,110711.0,123012.22,0.0,0,12301.22,0.0,hotel_2
237,87678,110711.0,123012.22,0.0,0,12301.22,0.0,hotel_2
238,87754,2474.35,2793.8700000000003,0.0,0,307.02,12.5,hotel_2
239,87961,96170.0,96170.0,0.0,0,0.0,0.0,hotel_2
240,88208,109609.0,109609.0,0.0,0,0.0,0.0,hotel_2
241,88212,359757.0,405285.56,0.0,0,40528.56,5000.0,hotel_2
242,88253,286600.0,324000.0,0.0,0,32400.0,5000.0,hotel_2
243,88260,1003.2,1003.2,0.0,0,0.0,0.0,hotel_2
244,88302,410.35,461.01,0.0,0,50.66,0.0,hotel_2
245,88364,161234.0,161234.0,0.0,0,0.0,0.0,hotel_2
246,88370,677790.0,677790.0,0.0,0,0.0,0.0,hotel_2
247,88383,185026.0,211140.0,0.0,0,21114.0,5000.0,hotel_2
248,88421,245662.0,307077.52,0.0,0,61415.52,0.0,hotel_2
249,88442,394740.0,394740.0,0.0,0,0.0,0.0,hotel_2
250,88514,127296.0,127296.0,0.0,0,0.0,0.0,hotel_2
251,88523,196193.0,223992.22,0.0,0,22399.22,5400.0,hotel_2
252,88548,581.4,581.4,0.0,0,0.0,0.0,hotel_2
253,88551,1638.17,1820.19,0.0,0,182.02,0.0,hotel_2
254,88555,178955.0,201048.22,0.0,0,22093.22,0.0,hotel_2
255,88553,121650.0,110160.0,11490.0,0,0.0,0.0,hotel_2
256,88594,276.78,310.95,0.0,0,34.17,0.0,hotel_2
257,88685,118477.0,133103.78,0.0,0,14626.78,0.0,hotel_2
258,88855,240182.0,240182.0,0.0,0,0.0,0.0,hotel_2
259,89002,208080.0,208080.0,0.0,0,0.0,0.0,hotel_2
260,89009,68156.0,68156.0,0.0,0,0.0,0.0,hotel_2
261,89031,280.32,280.32,0.0,0,0.0,0.0,hotel_2
262,89139,250193.0,287260.0,0.0,0,31567.0,5500.0,hotel_2
263,89152,216906.0,243240.0,2990.0,0,24324.0,5000.0,hotel_2
264,89206,122873.0,154501.11,0.0,0,16978.11,14650.0,hotel_2
265,89215,181025.0,201138.89,0.0,0,20113.89,0.0,hotel_2
266,89370,128226.0,142473.33,0.0,0,14247.33,0.0,hotel_2
267,89375,128226.0,142473.33,0.0,0,14247.33,0.0,hotel_2
268,89388,145170.0,133670.0,11500.0,0,0.0,0.0,hotel_2
269,89398,128226.0,142473.33,0.0,0,14247.33,0.0,hotel_2
270,89416,290822.0,323135.56,0.0,0,32313.56,0.0,hotel_2
271,89422,552479.0,646271.11,0.0,0,64627.11,29165.0,hotel_2
272,89658,149290.0,198720.0,0.0,0,29808.0,19622.0,hotel_2
273,89685,344088.0,382320.0,0.0,0,38232.0,0.0,hotel_2
274,89817,506.36,624.98,0.0,0,68.68,49.94,hotel_2
275,89844,170485.0,197149.78,0.0,0,21664.78,5000.0,hotel_2
276,89990,81003.0,90003.33,0.0,0,9000.33,0.0,hotel_2
277,90110,785.4,785.4,0.0,0,0.0,0.0,hotel_2
278,90112,785.4,785.4,0.0,0,0.0,0.0,hotel_2
279,90145,89557.0,99507.78,0.0,0,9950.78,0.0,hotel_2
280,90214,85484.0,85484.0,0.0,0,0.0,0.0,hotel_2
281,90249,440.1,489.0,0.0,0,48.9,0.0,hotel_2
282,90254,184540.0,210600.0,0.0,0,21060.0,5000.0,hotel_2
283,90265,218074.0,247860.0,0.0,0,24786.0,5000.0,hotel_2
284,90283,242514.0,269460.0,0.0,0,26946.0,0.0,hotel_2
285,90289,326982.0,422324.44,0.0,0,42232.44,53110.0,hotel_2
286,90545,751.23,751.23,0.0,0,0.0,0.0,hotel_2
287,90568,106084.0,119180.78,0.0,0,13096.78,0.0,hotel_2
288,90569,70143.0,88054.33,0.0,0,9676.33,8235.0,hotel_2
289,90599,250382.4,250382.4,0.0,0,0.0,0.0,hotel_2
290,90624,261036.0,295595.6,0.0,0,29559.6,5000.0,hotel_2
291,90671,83128.0,97920.0,0.0,0,9792.0,5000.0,hotel_2
292,90699,306246.0,351180.0,0.0,0,35118.0,9816.0,hotel_2
293,90742,132192.0,146880.0,0.0,0,14688.0,0.0,hotel_2
294,90932,261.63,261.63,0.0,0,0.0,0.0,hotel_2
295,91008,385560.0,428400.0,0.0,0,42840.0,0.0,hotel_2
296,91043,413608.0,465120.0,0.0,0,46512.0,5000.0,hotel_2
297,91258,71814.0,88594.67,0.0,0,9735.67,7045.0,hotel_2
298,91264,249251.0,282945.55,0.0,0,28294.55,5400.0,hotel_2
299,91316,213999.0,237887.78,0.0,0,23788.78,100.0,hotel_2
300,91322,145152.0,161280.0,0.0,0,16128.0,0.0,hotel_2
301,91369,317560.0,322560.0,0.0,0,0.0,0.0,hotel_2
302,91373,73980.0,88200.0,0.0,0,8820.0,5400.0,hotel_2
303,91383,107995.0,132552.22,0.0,0,13255.22,11302.0,hotel_2
304,91390,156038.0,173375.56,0.0,0,17337.56,0.0,hotel_2
305,91389,217728.0,241920.0,0.0,0,24192.0,0.0,hotel_2
306,91397,72576.0,80640.0,0.0,0,8064.0,0.0,hotel_2
307,91396,91118.0,97920.0,2990.0,0,9792.0,0.0,hotel_2
308,91401,194584.0,221760.0,0.0,0,22176.0,5000.0,hotel_2
309,91405,134136.0,149040.0,0.0,0,14904.0,0.0,hotel_2
310,91442,109814.0,128015.56,0.0,0,12801.56,5400.0,hotel_2
311,91465,115926.0,131040.0,2990.0,0,13104.0,5000.0,hotel_2
312,91467,156011.0,181450.67,0.0,0,19939.67,5500.0,hotel_2
313,91510,168336.0,168336.0,0.0,0,0.0,0.0,hotel_2
314,91513,91627.0,101807.8,0.0,0,10180.8,0.0,hotel_2
315,91527,72576.0,80640.0,0.0,0,8064.0,0.0,hotel_2
316,91456,104040.0,104040.0,0.0,0,0.0,0.0,hotel_2
317,91548,67738.0,84672.48,0.0,0,16934.48,0.0,hotel_2
318,91537,80640.0,80640.0,0.0,0,0.0,0.0,hotel_2
319,91552,118541.0,148176.24,0.0,0,29635.24,0.0,hotel_2
320,91554,118541.0,148176.25,0.0,0,29635.25,0.0,hotel_2
321,91573,86285.0,107856.24,0.0,0,21571.24,0.0,hotel_2
322,91570,75298.0,83664.44,0.0,0,8366.44,0.0,hotel_2
323,91597,290239.0,347004.44,0.0,0,34700.44,22065.0,hotel_2
324,91634,172811.0,197567.78,0.0,0,19756.78,5000.0,hotel_2
325,91658,115926.0,131040.0,2990.0,0,13104.0,5000.0,hotel_2
326,91693,120960.0,120960.0,0.0,0,0.0,0.0,hotel_2
327,91730,79834.0,88704.44,0.0,0,8870.44,0.0,hotel_2
328,91831,108864.0,120960.0,0.0,0,12096.0,0.0,hotel_2
329,91829,162388.0,180431.11,0.0,0,18043.11,0.0,hotel_2
330,91840,201550.0,229500.0,0.0,0,22950.0,5000.0,hotel_2
331,91849,93885.0,109872.22,0.0,0,10987.22,5000.0,hotel_2
332,91894,116172.0,116172.0,0.0,0,0.0,0.0,hotel_2
333,91971,90768.0,136080.0,9800.0,0,20412.0,34700.0,hotel_2
334,92001,196278.0,220320.0,2990.0,0,22032.0,5000.0,hotel_2
335,92046,31288.0,40320.0,0.0,0,4032.0,5000.0,hotel_2
336,92091,150665.0,167405.6,0.0,0,16740.6,0.0,hotel_2
337,92126,95130.0,80640.0,14490.0,0,0.0,0.0,hotel_2
338,92128,225882.0,256535.56,0.0,0,25653.56,5000.0,hotel_2
339,92148,201398.0,223775.56,0.0,0,22377.56,0.0,hotel_2
340,92153,454410.0,504900.0,0.0,0,50490.0,0.0,hotel_2
341,92145,111847.0,142631.77,0.0,0,21394.77,9390.0,hotel_2
342,92162,176653.0,201836.67,0.0,0,20183.67,5000.0,hotel_2
343,92178,72576.0,80640.0,0.0,0,8064.0,0.0,hotel_2
344,92175,278377.0,314863.33,0.0,0,31486.33,5000.0,hotel_2
345,92223,147168.0,147168.0,0.0,0,0.0,0.0,hotel_2
346,92266,72576.0,90720.0,0.0,0,18144.0,0.0,hotel_2
347,92286,72576.0,80640.0,0.0,0,8064.0,0.0,hotel_2
348,92383,93636.0,104040.0,0.0,0,10404.0,0.0,hotel_2
349,92517,114566.0,114566.0,0.0,0,0.0,0.0,hotel_2
350,92543,136217.0,172872.22,0.0,0,17287.22,19368.0,hotel_2
351,92663,158766.0,174240.0,6950.0,0,17424.0,5000.0,hotel_2
352,92651,151638.0,166320.0,6950.0,0,16632.0,5000.0,hotel_2
353,92677,184426.0,248400.0,0.0,0,37260.0,26714.0,hotel_2
354,92704,220320.0,244800.0,0.0,0,24480.0,0.0,hotel_2
355,92718,99792.0,99792.0,0.0,0,0.0,0.0,hotel_2
356,92728,166342.0,166342.0,0.0,0,0.0,0.0,hotel_2
357,92736,142632.0,142632.0,0.0,0,0.0,0.0,hotel_2
358,92812,266716.0,296351.11,0.0,0,29635.11,0.0,hotel_2
359,92814,115668.0,128520.0,0.0,0,12852.0,0.0,hotel_2
360,92839,198180.0,198180.0,0.0,0,0.0,0.0,hotel_2
361,92852,102552.0,145266.67,0.0,0,14526.67,28188.0,hotel_2
362,92860,379210.0,416606.78,0.0,0,37396.78,0.0,hotel_2
363,92883,110880.0,110880.0,0.0,0,0.0,0.0,hotel_2
364,92887,111888.0,111888.0,0.0,0,0.0,0.0,hotel_2
365,92937,96153.0,112392.22,0.0,0,11239.22,5000.0,hotel_2
366,92942,76777.0,101515.56,0.0,0,11155.56,13583.0,hotel_2
367,92963,163739.0,187487.78,0.0,0,18748.78,5000.0,hotel_2
368,92984,82091.0,96767.78,0.0,0,9676.78,5000.0,hotel_2
369,93060,101376.0,101376.0,0.0,0,0.0,0.0,hotel_2
370,93072,99792.0,110880.0,0.0,0,11088.0,0.0,hotel_2
371,93131,87091.0,96767.8,0.0,0,9676.8,0.0,hotel_2
372,93212,293.5,340.0,0.0,0,34.0,12.5,hotel_2
373,93268,105678.0,122975.56,0.0,0,12297.56,5000.0,hotel_2
374,93281,123387.0,144237.22,0.0,0,15850.22,5000.0,hotel_2
375,93286,102312.0,102312.0,0.0,0,0.0,0.0,hotel_2
376,93443,217058.0,290303.54,0.0,0,43545.54,29700.0,hotel_2
377,93446,130536.0,130536.0,0.0,0,0.0,0.0,hotel_2
378,93577,57218.0,63575.55,0.0,0,6357.55,0.0,hotel_2
379,93574,339179.0,382421.11,0.0,0,38242.11,5000.0,hotel_2
380,93576,216130.0,245700.0,0.0,0,24570.0,5000.0,hotel_2
381,93606,81600.0,96222.22,0.0,0,9622.22,5000.0,hotel_2
382,93640,149040.0,165600.0,0.0,0,16560.0,0.0,hotel_2
383,93649,85400.0,101560.44,0.0,0,11160.44,5000.0,hotel_2
384,93656,248572.0,276191.11,0.0,0,27619.11,0.0,hotel_2
385,93683,158296.0,181440.0,0.0,0,18144.0,5000.0,hotel_2
386,93690,88636.0,104040.0,0.0,0,10404.0,5000.0,hotel_2
387,93714,305726.0,339695.56,0.0,0,33969.56,0.0,hotel_2
388,93708,136465.0,198072.22,0.0,0,19807.22,41800.0,hotel_2
389,93725,107406.0,119340.0,0.0,0,11934.0,0.0,hotel_2
390,93736,70563.0,101807.78,0.0,0,10180.78,21064.0,hotel_2
391,93738,103864.0,120960.0,0.0,0,12096.0,5000.0,hotel_2
392,93744,202343.0,224825.56,0.0,0,22482.56,0.0,hotel_2
393,93777,83128.0,97920.0,0.0,0,9792.0,5000.0,hotel_2
394,93797,178740.0,232560.0,0.0,0,23256.0,30564.0,hotel_2
395,93803,72576.0,80640.0,0.0,0,8064.0,0.0,hotel_2
396,93879,50804.0,80640.0,0.0,0,8064.0,21772.0,hotel_2
397,93918,254016.0,282240.0,0.0,0,28224.0,0.0,hotel_2
398,93935,70566.0,80640.0,2990.0,0,8064.0,5000.0,hotel_2
399,93946,122008.0,141120.0,0.0,0,14112.0,5000.0,hotel_2
400,93937,72576.0,80640.0,0.0,0,8064.0,0.0,hotel_2
401,94029,101153.0,112392.22,0.0,0,11239.22,0.0,hotel_2
402,94040,44330.0,49255.56,0.0,0,4925.56,0.0,hotel_2
403,94063,89712.0,89712.0,0.0,0,0.0,0.0,hotel_2
404,94074,221006.4,221006.4,0.0,0,0.0,0.0,hotel_2
405,94103,203041.0,267623.33,0.0,0,26762.33,37820.0,hotel_2
406,94112,130183.0,144647.78,0.0,0,14464.78,0.0,hotel_2
407,94266,174671.0,194078.89,0.0,0,19407.89,0.0,hotel_2
408,94267,110668.0,128520.0,0.0,0,12852.0,5000.0,hotel_2
409,94268,116618.0,135575.56,0.0,0,13557.56,5400.0,hotel_2
410,94288,140152.0,161280.0,0.0,0,16128.0,5000.0,hotel_2
411,94308,127757.0,127007.78,18450.0,0,12700.78,5000.0,hotel_2
412,94321,59498.0,83160.0,0.0,0,8316.0,15346.0,hotel_2
413,94417,151377.0,151377.0,0.0,0,0.0,0.0,hotel_2
414,94500,83906.0,98784.44,0.0,0,9878.44,5000.0,hotel_2
415,94539,160110.0,183455.56,0.0,0,18345.56,5000.0,hotel_2
416,94541,108864.0,120960.0,0.0,0,12096.0,0.0,hotel_2
417,94560,224986.0,249984.4,0.0,0,24998.4,0.0,hotel_2
418,94579,77112.0,90720.0,0.0,0,13608.0,0.0,hotel_2
419,94580,146880.0,146880.0,0.0,0,0.0,0.0,hotel_2
420,94590,120008.0,135575.56,2990.0,0,13557.56,5000.0,hotel_2
421,94599,481505.0,540561.12,0.0,0,54056.12,0.0,hotel_2
422,94610,55638.0,55638.0,0.0,0,0.0,0.0,hotel_2
423,94625,304042.0,337824.44,0.0,0,33782.44,0.0,hotel_2
424,94638,142094.0,139104.0,2990.0,0,0.0,0.0,hotel_2
425,94662,220178.0,241920.0,2450.0,0,24192.0,0.0,hotel_2
426,94663,76648.0,90720.0,0.0,0,9072.0,0.0,hotel_2
427,94659,81648.0,90720.0,0.0,0,9072.0,0.0,hotel_2
428,94685,76205.0,120960.0,0.0,0,12096.0,32659.0,hotel_2
429,94695,51186.0,62428.9,0.0,0,6242.9,5000.0,hotel_2
430,94778,258264.0,258264.0,0.0,0,0.0,0.0,hotel_2
431,94834,209304.0,209304.0,0.0,0,0.0,0.0,hotel_2
432,94826,800572.0,889524.4,0.0,0,88952.4,0.0,hotel_2
433,94848,86184.0,95760.0,0.0,0,9576.0,0.0,hotel_2
434,94849,185512.0,211680.0,0.0,0,21168.0,5000.0,hotel_2
435,94871,121111.0,134567.78,0.0,0,13456.78,0.0,hotel_2
436,94883,140616.0,156240.0,0.0,0,15624.0,0.0,hotel_2
437,94897,215914.0,239904.44,0.0,0,23990.44,0.0,hotel_2
438,94929,128520.0,128520.0,0.0,0,0.0,0.0,hotel_2
439,94961,67576.0,80640.0,0.0,0,8064.0,5000.0,hotel_2
440,94966,111045.0,136584.44,2990.0,0,13658.44,14871.0,hotel_2
441,95005,74743.0,83047.78,0.0,0,8304.78,0.0,hotel_2
442,94999,152399.0,174887.78,0.0,0,17488.78,5000.0,hotel_2
443,95024,91238.0,101375.56,0.0,0,10137.56,0.0,hotel_2
444,95030,97967.0,114407.78,0.0,0,11440.78,5000.0,hotel_2
445,95029,340394.0,340394.0,0.0,0,0.0,0.0,hotel_2
446,95077,94792.0,110880.0,0.0,0,11088.0,5000.0,hotel_2
447,95078,343728.0,343728.0,0.0,0,0.0,0.0,hotel_2
448,95100,108864.0,120960.0,0.0,0,12096.0,0.0,hotel_2
449,95127,181940.0,288792.22,0.0,0,28879.22,77973.0,hotel_2
450,95135,110880.0,110880.0,0.0,0,0.0,0.0,hotel_2
451,95141,184605.0,210672.22,0.0,0,21067.22,5000.0,hotel_2
452,95170,101052.0,101052.0,0.0,0,0.0,0.0,hotel_2
453,95178,238141.0,260712.22,8500.0,0,26071.22,5000.0,hotel_2
454,95202,76648.0,90720.0,0.0,0,9072.0,5000.0,hotel_2
455,95222,85947.0,101052.22,0.0,0,10105.22,5000.0,hotel_2
456,95183,89712.0,89712.0,0.0,0,0.0,0.0,hotel_2
457,95231,54432.0,60480.0,0.0,0,6048.0,0.0,hotel_2
458,95227,134209.0,155232.22,0.0,0,15523.22,5500.0,hotel_2
459,95236,145152.0,161280.0,0.0,0,16128.0,0.0,hotel_2
460,95242,125874.0,139860.0,0.0,0,13986.0,0.0,hotel_2
461,95245,74844.0,83160.0,0.0,0,8316.0,0.0,hotel_2
462,95250,91627.0,101807.78,0.0,0,10180.78,0.0,hotel_2
463,95260,121237.0,142631.77,0.0,0,21394.77,0.0,hotel_2
464,95279,138802.0,154224.44,0.0,0,15422.44,0.0,hotel_2
465,95277,136080.0,136080.0,0.0,0,0.0,0.0,hotel_2
466,95323,180532.0,200591.11,0.0,0,20059.11,0.0,hotel_2
467,95326,201593.0,223992.22,0.0,0,22399.22,0.0,hotel_2
468,95336,80640.0,80640.0,0.0,0,0.0,0.0,hotel_2
469,95337,81648.0,90720.0,0.0,0,9072.0,0.0,hotel_2
470,95329,106586.0,123984.44,0.0,0,12398.44,5000.0,hotel_2
471,95360,57218.0,63575.55,0.0,0,6357.55,0.0,hotel_2
472,95389,72576.0,80640.0,0.0,0,8064.0,0.0,hotel_2
473,95418,49094.0,80640.0,0.0,0,12096.0,19450.0,hotel_2
474,95431,152144.0,174604.44,0.0,0,17460.44,5000.0,hotel_2
475,95403,114408.0,114408.0,0.0,0,0.0,0.0,hotel_2
476,95423,213696.0,213696.0,0.0,0,0.0,0.0,hotel_2
477,95441,154224.0,171360.0,0.0,0,17136.0,0.0,hotel_2
478,95598,67576.0,80640.0,0.0,0,8064.0,5000.0,hotel_2
479,95603,65305.0,80640.0,0.0,0,8064.0,7271.0,hotel_2
480,95617,33918.0,53837.78,0.0,0,5383.78,14536.0,hotel_2
481,95443,143128.0,164586.66999999998,0.0,0,16458.67,5000.0,hotel_2
482,95630,198576.0,198576.0,0.0,0,0.0,0.0,hotel_2
483,95641,72576.0,80640.0,0.0,0,8064.0,0.0,hotel_2
484,95646,70550.0,103824.44,0.0,0,10382.44,22892.0,hotel_2
485,95813,363.48,417.76,0.0,0,41.78,12.5,hotel_2
486,95826,502121.0,563467.78,0.0,0,56346.78,5000.0,hotel_2
487,95906,59648.0,66275.55,0.0,0,6627.55,0.0,hotel_2
488,95917,108091.0,146035.29,0.0,0,21905.29,16039.0,hotel_2
489,95942,264360.0,296997.0,0.0,0,32637.0,0.0,hotel_2
490,95973,121968.0,141075.56,0.0,0,14107.56,5000.0,hotel_2
491,96015,177358.0,197064.44,0.0,0,19706.44,0.0,hotel_2
492,96039,518.15,501.23,72.0,0,55.08,0.0,hotel_2
493,96050,509.4,486.0,72.0,0,48.6,0.0,hotel_2
494,96068,195840.0,195840.0,0.0,0,0.0,0.0,hotel_2
495,96062,134638.0,151260.0,0.0,0,16622.0,0.0,hotel_2
496,96083,76936.0,86434.22,0.0,0,9498.22,0.0,hotel_2
497,96095,76936.0,86434.22,0.0,0,9498.22,0.0,hotel_2
498,96147,224208.0,249120.0,0.0,0,24912.0,0.0,hotel_2
499,96159,218708.0,249120.0,0.0,0,24912.0,5500.0,hotel_2
500,96526,316080.0,316080.0,0.0,0,0.0,0.0,hotel_2
501,96540,187382.0,210515.56,0.0,0,23133.56,0.0,hotel_2
502,96560,164138.0,182375.56,0.0,0,18237.56,0.0,hotel_2
503,96641,511.2,568.0,0.0,0,56.8,0.0,hotel_2
504,96703,132196.0,146884.44,0.0,0,14688.44,0.0,hotel_2
505,96724,280.5,280.5,0.0,0,0.0,0.0,hotel_2
506,96773,112288.0,130320.0,0.0,0,13032.0,5000.0,hotel_2
507,97093,221422.0,246024.44,0.0,0,24602.44,0.0,hotel_2
508,97141,496228.0,556920.0,0.0,0,55692.0,5000.0,hotel_2
509,97191,219.9,200.6,19.3,0,0.0,0.0,hotel_2
510,97212,265140.0,265140.0,0.0,0,0.0,0.0,hotel_2
511,97271,200133.0,200133.0,0.0,0,0.0,0.0,hotel_2
512,97272,21345.0,21345.0,0.0,0,0.0,0.0,hotel_2
513,97281,21345.0,21345.0,0.0,0,0.0,0.0,hotel_2
514,97297,21345.0,21345.0,0.0,0,0.0,0.0,hotel_2
515,97306,21345.0,21345.0,0.0,0,0.0,0.0,hotel_2
516,97307,21345.0,21345.0,0.0,0,0.0,0.0,hotel_2
517,97311,80735.0,80735.0,0.0,0,0.0,0.0,hotel_2
518,97320,52856.0,52856.0,0.0,0,0.0,0.0,hotel_2
519,97323,373.72,342.72,31.0,0,0.0,0.0,hotel_2
520,97364,21345.0,21345.0,0.0,0,0.0,0.0,hotel_2
521,97372,154565.0,171805.56,9940.0,0,17180.56,10000.0,hotel_2
522,97378,21345.0,21345.0,0.0,0,0.0,0.0,hotel_2
523,97440,194078.4,194078.4,0.0,0,0.0,0.0,hotel_2
524,97453,142587.0,173723.4,0.0,0,19090.4,12046.0,hotel_2
525,97456,196344.0,218160.0,0.0,0,21816.0,0.0,hotel_2
526,97469,127961.0,155447.78,0.0,0,15544.78,11942.0,hotel_2
527,97513,309928.0,349920.0,0.0,0,34992.0,5000.0,hotel_2
528,97645,149628.0,168100.56,0.0,0,18472.56,0.0,hotel_2
529,97745,21345.0,21345.0,0.0,0,0.0,0.0,hotel_2
530,97754,42690.0,42690.0,0.0,0,0.0,0.0,hotel_2
531,97755,42690.0,42690.0,0.0,0,0.0,0.0,hotel_2
532,97759,21345.0,21345.0,0.0,0,0.0,0.0,hotel_2
533,97780,21345.0,21345.0,0.0,0,0.0,0.0,hotel_2
534,97782,21345.0,21345.0,0.0,0,0.0,0.0,hotel_2
535,97816,42690.0,42690.0,0.0,0,0.0,0.0,hotel_2
536,97819,21345.0,21345.0,0.0,0,0.0,0.0,hotel_2
537,97823,21345.0,21345.0,0.0,0,0.0,0.0,hotel_2
538,97821,21345.0,21345.0,0.0,0,0.0,0.0,hotel_2
539,97824,21345.0,21345.0,0.0,0,0.0,0.0,hotel_2
540,97830,95140.0,95140.0,0.0,0,0.0,0.0,hotel_2
541,97834,21345.0,21345.0,0.0,0,0.0,0.0,hotel_2
542,97855,42690.0,42690.0,0.0,0,0.0,0.0,hotel_2
543,97869,64035.0,64035.0,0.0,0,0.0,0.0,hotel_2
544,97873,21345.0,21345.0,0.0,0,0.0,0.0,hotel_2
545,97875,64035.0,64035.0,0.0,0,0.0,0.0,hotel_2
546,97888,42690.0,42690.0,0.0,0,0.0,0.0,hotel_2
547,97913,256320.0,256320.0,0.0,0,0.0,0.0,hotel_2
548,97915,21345.0,21345.0,0.0,0,0.0,0.0,hotel_2
549,97936,172584.0,172584.0,0.0,0,0.0,0.0,hotel_2
550,98010,52856.0,52856.0,0.0,0,0.0,0.0,hotel_2
551,98027,42690.0,42690.0,0.0,0,0.0,0.0,hotel_2
552,98028,21345.0,21345.0,0.0,0,0.0,0.0,hotel_2
553,98050,114880.0,133200.0,0.0,0,13320.0,5000.0,hotel_2
554,98055,115371.0,133745.56,0.0,0,13374.56,5000.0,hotel_2
555,98111,42690.0,42690.0,0.0,0,0.0,0.0,hotel_2
556,98110,112707.0,126621.44,0.0,0,13914.44,0.0,hotel_2
557,98117,151426.0,127786.0,23640.0,0,0.0,0.0,hotel_2
558,98336,195840.0,195840.0,0.0,0,0.0,0.0,hotel_2
559,98463,316.8,352.0,0.0,0,35.2,0.0,hotel_2
560,98470,218070.0,193680.0,24390.0,0,0.0,0.0,hotel_2
561,98540,83128.0,97920.0,0.0,0,9792.0,0.0,hotel_2
562,98583,193170.0,182880.0,10290.0,0,0.0,0.0,hotel_2
563,98596,359.11,359.11,0.0,0,0.0,0.0,hotel_2
564,98599,21345.0,21345.0,0.0,0,0.0,0.0,hotel_2
565,98598,21345.0,21345.0,0.0,0,0.0,0.0,hotel_2
566,98614,93691.0,105257.78,0.0,0,11566.78,0.0,hotel_2
567,98634,80018.0,94464.44,0.0,0,9446.44,5000.0,hotel_2
568,98690,231706.0,265929.0,0.0,0,29223.0,5000.0,hotel_2
